<?xml version="1.0" encoding="UTF-8"?>
<!DOCTYPE build-type SYSTEM "../../../project-config.dtd">

<build-type>
  <name>ToddGradleBuild</name>
  <description />
  <settings>
    <options>
      <option name="cleanBuild" value="true" />
    </options>
    <parameters />
    <build-runners>
      <runner id="RUNNER_1" name="" type="gradle-runner">
        <parameters>
          <param name="teamcity.build.workingDir" value="Task/TODD/" />
          <param name="teamcity.coverage.emma.include.source" value="true" />
          <param name="teamcity.coverage.emma.instr.parameters" value="-ix -*Test*" />
          <param name="teamcity.coverage.idea.includePatterns" value="*" />
          <param name="teamcity.coverage.jacoco.patterns" value="+:*" />
          <param name="teamcity.step.mode" value="default" />
          <param name="ui.gradleRunner.gradle.tasks.names" value=":android:build" />
          <param name="ui.gradleRunner.gradle.wrapper.useWrapper" value="true" />
        </parameters>
      </runner>
    </build-runners>
    <vcs-settings>
      <vcs-entry-ref root-id="Jmp_Todd" />
    </vcs-settings>
    <requirements />
    <build-triggers>
      <build-trigger id="vcsTrigger" type="vcsTrigger">
        <parameters>
          <param name="perCheckinTriggering" value="true" />
          <param name="quietPeriodMode" value="DO_NOT_USE" />
        </parameters>
      </build-trigger>
    </build-triggers>
    <cleanup />
  </settings>
</build-type>

