<?xml version="1.0" encoding="UTF-8"?>
<!DOCTYPE build-type SYSTEM "../../../project-config.dtd">

<build-type>
  <name>XCoreUpdateBuild</name>
  <description />
  <settings>
    <parameters />
    <build-runners>
      <runner id="RUNNER_3" name="" type="gradle-runner">
        <parameters>
          <param name="teamcity.build.workingDir" value="xcore-library/" />
          <param name="teamcity.step.mode" value="default" />
          <param name="ui.gradleRunner.gradle.tasks.names" value=":xcore:build" />
          <param name="ui.gradleRunner.gradle.wrapper.useWrapper" value="true" />
        </parameters>
      </runner>
    </build-runners>
    <vcs-settings>
      <vcs-entry-ref root-id="Jmp_XCore" />
    </vcs-settings>
    <requirements />
    <build-triggers>
      <build-trigger id="vcsTrigger" type="vcsTrigger">
        <parameters>
          <param name="perCheckinTriggering" value="true" />
          <param name="quietPeriodMode" value="DO_NOT_USE" />
        </parameters>
      </build-trigger>
    </build-triggers>
    <cleanup />
  </settings>
</build-type>

