<?xml version="1.0" encoding="UTF-8"?>
<!DOCTYPE vcs-root SYSTEM "../../../project-config.dtd">

<vcs-root type="jetbrains.git">
  <name>XCore</name>
  <param name="agentCleanFilesPolicy" value="ALL_UNTRACKED" />
  <param name="agentCleanPolicy" value="ON_BRANCH_CHANGE" />
  <param name="authMethod" value="PASSWORD" />
  <param name="branch" value="refs/heads/master" />
  <param name="ignoreKnownHosts" value="true" />
  <param name="secure:password" value="zxx0a6e408435f8436b6af3bc3a90c41c0c" />
  <param name="submoduleCheckout" value="CHECKOUT" />
  <param name="url" value="https://github.com/bandysik/android_xcore.git" />
  <param name="username" value="bandysik@gmail.com" />
  <param name="usernameStyle" value="USERID" />
</vcs-root>

